{
  "employees": [
    {
      "id": 1,
      "first_name": "Sebastian",
      "last_name": "Eschweiler",
      "email": "sebastian@codingthesmartway.com"
    },
    {
      "id": 2,
      "first_name": "Meridith",
      "last_name": "Palmer",
      "email": "steve@codingthesmartway.com"
    },
    {
      "id": 5,
      "first_name": "Michel",
      "last_name": "Scott",
      "email": "mgs@dundermiflin.com"
    },
    {
      "id": 6,
      "first_name": "jim",
      "last_name": "Halpert",
      "email": "abc@dunder.com"
    },
    {
      "id": 7,
      "first_name": "Chandler",
      "last_name": "Bing",
      "email": "qwerty@abc.com"
    },
    {
      "id": 8,
      "first_name": "Rizvi",
      "last_name": "Sultana",
      "email": "rs@gmail.com"
    },
    {
      "id": 9,
      "first_name": "Poojha",
      "last_name": "R",
      "email": "pr@gmail.com"
    }
  ]
}